EmployeeID,Name,Department,Role,HireDate,Salary,AttendanceDays
1,Employee_1,Sales,Sales Manager,2023-12-11,78432,22
2,Employee_2,Inventory,Store Keeper,2023-06-01,110367,24
3,Employee_3,Inventory,Inventory Manager,2023-12-21,89944,26
4,Employee_4,Inventory,Store Keeper,2024-04-07,96201,24
5,Employee_5,Finance,Finance Manager,2024-05-05,78058,23
6,Employee_6,Customer Service,CSR,2023-07-26,118961,26
7,Employee_7,Inventory,Store Keeper,2023-08-16,53337,28
8,Employee_8,Customer Service,CSR Manager,2024-04-14,89047,24
9,Employee_9,HR,HR Executive,2023-12-02,75513,22
10,Employee_10,HR,HR Executive,2023-12-06,107323,21
11,Employee_11,Sales,Sales Manager,2023-08-18,62411,21
12,Employee_12,Sales,Sales Executive,2023-08-31,107371,30
13,Employee_13,Customer Service,CSR Manager,2023-08-13,77504,21
14,Employee_14,Customer Service,CSR,2024-02-19,87251,26
15,Employee_15,Customer Service,CSR,2023-10-29,55038,20
16,Employee_16,HR,HR Executive,2024-05-16,91685,22
17,Employee_17,Customer Service,CSR,2023-11-18,58151,30
18,Employee_18,Sales,Sales Manager,2023-11-03,92620,23
19,Employee_19,Customer Service,CSR,2024-05-04,77319,24
20,Employee_20,Customer Service,CSR,2024-01-17,111402,25
21,Employee_21,IT,System Admin,2023-07-05,68499,26
22,Employee_22,Finance,Finance Manager,2024-05-26,70244,26
23,Employee_23,IT,System Admin,2024-05-13,34731,21
24,Employee_24,HR,HR Executive,2023-10-03,113369,25
25,Employee_25,Customer Service,CSR,2024-01-08,37429,28
26,Employee_26,Sales,Sales Executive,2023-12-22,32972,22
27,Employee_27,IT,System Admin,2024-05-13,103239,26
28,Employee_28,IT,System Admin,2023-07-12,31578,27
29,Employee_29,Inventory,Store Keeper,2024-05-09,113843,29
30,Employee_30,IT,System Admin,2024-03-16,80595,20
31,Employee_31,HR,HR Executive,2023-08-31,40008,27
32,Employee_32,Finance,Finance Manager,2023-09-05,78117,26
33,Employee_33,HR,HR Manager,2023-12-22,102671,30
34,Employee_34,Sales,Sales Manager,2023-09-29,90078,22
35,Employee_35,IT,IT Support,2023-12-15,76861,30
36,Employee_36,Sales,Sales Executive,2023-09-22,84296,27
37,Employee_37,IT,System Admin,2023-09-03,115212,20
38,Employee_38,Finance,Accountant,2024-03-09,84104,22
39,Employee_39,Inventory,Inventory Manager,2024-01-23,91814,21
40,Employee_40,Customer Service,CSR,2024-02-18,114780,29
41,Employee_41,Inventory,Store Keeper,2023-12-20,114597,20
42,Employee_42,Inventory,Inventory Manager,2024-03-23,71165,23
43,Employee_43,HR,HR Executive,2023-08-05,84952,23
44,Employee_44,Customer Service,CSR,2024-05-28,91172,29
45,Employee_45,Inventory,Store Keeper,2023-09-02,41322,28
46,Employee_46,IT,IT Support,2024-04-06,68390,21
47,Employee_47,IT,System Admin,2024-05-31,37956,22
48,Employee_48,HR,HR Manager,2024-02-29,54449,27
49,Employee_49,Inventory,Inventory Manager,2023-09-30,38809,25
50,Employee_50,Finance,Finance Manager,2023-12-16,76031,28
